frame,x,y,z,name
0,0.43061214685440063,0.24335737526416779,-0.34054723381996155,NOSE
0,0.4475167989730835,0.21872955560684204,-0.3222450017929077,LEFT_EYE_INNER
0,0.4554853141307831,0.2221507430076599,-0.3226114809513092,LEFT_EYE
0,0.4628974497318268,0.22487282752990723,-0.32264474034309387,LEFT_EYE_OUTER
0,0.42948639392852783,0.21455907821655273,-0.3018683195114136,RIGHT_EYE_INNER
0,0.42500728368759155,0.21384286880493164,-0.30222946405410767,RIGHT_EYE
0,0.4214533269405365,0.21295768022537231,-0.30249106884002686,RIGHT_EYE_OUTER
0,0.4776076078414917,0.24616408348083496,-0.19019290804862976,LEFT_EAR
0,0.42347487807273865,0.2218964695930481,-0.10197830945253372,RIGHT_EAR
0,0.44299131631851196,0.27682003378868103,-0.28782182931900024,MOUTH_LEFT
0,0.42330172657966614,0.26824891567230225,-0.26489681005477905,MOUTH_RIGHT
0,0.5289695262908936,0.37844616174697876,-0.17921508848667145,LEFT_SHOULDER
0,0.38140004873275757,0.3898504972457886,0.06559735536575317,RIGHT_SHOULDER
0,0.6092678308486938,0.6014682054519653,-0.33613094687461853,LEFT_ELBOW
0,0.35494697093963623,0.5808385014533997,-0.059212666004896164,RIGHT_ELBOW
0,0.5284247994422913,0.5598529577255249,-0.582763671875,LEFT_WRIST
0,0.3472798764705658,0.5907413959503174,-0.4434882700443268,RIGHT_WRIST
0,0.5060014128684998,0.5954912900924683,-0.6516917943954468,LEFT_PINKY
0,0.336505264043808,0.6207762360572815,-0.5229992866516113,RIGHT_PINKY
0,0.49357298016548157,0.5621934533119202,-0.6575857996940613,LEFT_INDEX
0,0.3374752998352051,0.6009126305580139,-0.5422741770744324,RIGHT_INDEX
0,0.4994916021823883,0.5533360242843628,-0.5875726342201233,LEFT_THUMB
0,0.3471727967262268,0.5910866260528564,-0.4639626741409302,RIGHT_THUMB
0,0.42760980129241943,0.2670472264289856,-0.010615428909659386,FACE_0
0,0.42822378873825073,0.2740090787410736,-0.008030250668525696,FACE_13
0,0.42789116501808167,0.27707475423812866,-0.007513929158449173,FACE_14
0,0.42698341608047485,0.28598639369010925,-0.008533536456525326,FACE_17
0,0.42441970109939575,0.26522302627563477,-0.008800088427960873,FACE_37
0,0.4215034246444702,0.2667265832424164,-0.005691962316632271,FACE_39
0,0.41999828815460205,0.26947879791259766,-0.0026301853358745575,FACE_40
0,0.41327255964279175,0.19577963650226593,0.015265888534486294,FACE_46
0,0.4190520644187927,0.19084635376930237,0.006880500353872776,FACE_52
0,0.4154662489891052,0.19200532138347626,0.01107468456029892,FACE_53
0,0.4303595721721649,0.19857551157474518,-0.000519210530910641,FACE_55
0,0.4189693033695221,0.27426600456237793,0.003456556936725974,FACE_61
0,0.4147346317768097,0.1879701316356659,0.013528192415833473,FACE_63
0,0.42394787073135376,0.19255973398685455,0.0030015662778168917,FACE_65
0,0.4236418306827545,0.18749786913394928,0.0027861199341714382,FACE_66
0,0.41259339451789856,0.19308330118656158,0.01909933239221573,FACE_70
0,0.4209757149219513,0.27397075295448303,0.0016627091681584716,FACE_78
0,0.4229559898376465,0.2729395627975464,-0.0023724043276160955,FACE_80
0,0.4242766201496124,0.2727600634098053,-0.004465969279408455,FACE_81
0,0.4259842038154602,0.27324238419532776,-0.006471180822700262,FACE_82
0,0.42381003499031067,0.28426456451416016,-0.007067518774420023,FACE_84
0,0.42538386583328247,0.27603521943092346,-0.005892453249543905,FACE_87
0,0.4223654270172119,0.2748613655567169,-0.0020226244814693928,FACE_88
0,0.42009830474853516,0.27847710251808167,-0.0024083631578832865,FACE_91
0,0.4217507243156433,0.27472686767578125,8.46715338411741e-05,FACE_95
0,0.41857531666755676,0.18589134514331818,0.008254961110651493,FACE_105
0,0.4298087954521179,0.1904003769159317,-0.0011542008724063635,FACE_107
0,0.41944247484207153,0.2763235569000244,0.0006039596046321094,FACE_146
0,0.42355024814605713,0.2751981317996979,-0.003964145202189684,FACE_178
0,0.4214644730091095,0.2815300226211548,-0.004713165108114481,FACE_181
0,0.4191799461841583,0.2718929648399353,0.0006361720734275877,FACE_185
0,0.4220384955406189,0.2731846272945404,-1.8700226064538583e-05,FACE_191
0,0.4317508637905121,0.26784172654151917,-0.011365803889930248,FACE_267
0,0.4364221394062042,0.2723003029823303,-0.011077169328927994,FACE_269
0,0.4395836591720581,0.27667704224586487,-0.010029073804616928,FACE_270
0,0.46927863359451294,0.21279004216194153,-0.0041878423653542995,FACE_276
0,0.45902931690216064,0.20256179571151733,-0.006622559856623411,FACE_282
0,0.4647487699985504,0.20672810077667236,-0.00586490286514163,FACE_283
0,0.443004310131073,0.20208878815174103,-0.004945595283061266,FACE_285
0,0.4433470070362091,0.28314927220344543,-0.0065156444907188416,FACE_291
0,0.4676254987716675,0.20369106531143188,-0.00453210948035121,FACE_293
0,0.45187151432037354,0.20051905512809753,-0.006284561939537525,FACE_295
0,0.4528483748435974,0.195664644241333,-0.006762947421520948,FACE_296
0,0.4727785289287567,0.21117831766605377,-0.001791702350601554,FACE_300
0,0.44185110926628113,0.2817184329032898,-0.006800159811973572,FACE_308
0,0.43742841482162476,0.278237521648407,-0.008254306390881538,FACE_310
0,0.4345569908618927,0.27662262320518494,-0.008773663081228733,FACE_311
0,0.43137818574905396,0.2751978039741516,-0.008872910402715206,FACE_312
0,0.4310030937194824,0.2871955931186676,-0.009641135111451149,FACE_314
0,0.43115317821502686,0.27828219532966614,-0.008382542058825493,FACE_317
0,0.4374757707118988,0.28059208393096924,-0.007937660440802574,FACE_318
0,0.43881386518478394,0.28563207387924194,-0.009018738754093647,FACE_321
0,0.439571350812912,0.28142037987709045,-0.007309022359549999,FACE_324
0,0.4608820378780365,0.19810545444488525,-0.006028114352375269,FACE_334
0,0.4445211887359619,0.19427227973937988,-0.005988707300275564,FACE_336
0,0.4415198564529419,0.2845422327518463,-0.007750460412353277,FACE_375
0,0.4344337284564972,0.2793731391429901,-0.008365750312805176,FACE_402
0,0.4350961148738861,0.2869337797164917,-0.009730035439133644,FACE_405
0,0.4421358108520508,0.280193030834198,-0.00849591288715601,FACE_409
0,0.439903199672699,0.279766708612442,-0.007436435203999281,FACE_415
0,0.5131184458732605,0.5501247644424438,0.582763671875,LEFT_WRIST
0,0.4948842525482178,0.5682822465896606,0.58151626563631,LEFT_THUMB_CMC
0,0.4746987521648407,0.5777499675750732,0.5741254230961204,LEFT_THUMB_MCP
0,0.45859014987945557,0.5759883522987366,0.5661493130028248,LEFT_THUMB_IP
0,0.44510170817375183,0.5666725635528564,0.5589625239372253,LEFT_THUMB_TIP
0,0.4791243076324463,0.5545340776443481,0.5669647864997387,LEFT_INDEX_FINGER_MCP
0,0.4864693284034729,0.5944876670837402,0.5568990409374237,LEFT_INDEX_FINGER_PIP
0,0.49190494418144226,0.5948757529258728,0.5537191051989794,LEFT_INDEX_FINGER_DIP
0,0.4929526448249817,0.5864508152008057,0.5520863812416792,LEFT_INDEX_FINGER_TIP
0,0.48895734548568726,0.5428592562675476,0.5610190629959106,LEFT_MIDDLE_FINGER_MCP
0,0.4969826340675354,0.5904693007469177,0.5501135364174843,LEFT_MIDDLE_FINGER_PIP
0,0.5010629892349243,0.5875590443611145,0.55104760825634,LEFT_MIDDLE_FINGER_DIP
0,0.49973440170288086,0.5758257508277893,0.5517776757478714,LEFT_MIDDLE_FINGER_TIP
0,0.4998311400413513,0.5368112325668335,0.555437695235014,LEFT_RING_FINGER_MCP
0,0.5061562061309814,0.583588182926178,0.5475244857370853,LEFT_RING_FINGER_PIP
0,0.5089462995529175,0.5813552737236023,0.5537761151790619,LEFT_RING_FINGER_DIP
0,0.507242739200592,0.5698473453521729,0.557827228680253,LEFT_RING_FINGER_TIP
0,0.509825587272644,0.5357478260993958,0.5496474765241146,LEFT_PINKY_MCP
0,0.5139434337615967,0.5724721550941467,0.5451640821993351,LEFT_PINKY_PIP
0,0.5150173902511597,0.5713035464286804,0.5494842752814293,LEFT_PINKY_DIP
0,0.5138335227966309,0.5604568719863892,0.5527918785810471,LEFT_PINKY_TIP
0,0.34346404671669006,0.505555272102356,0.4434882700443268,RIGHT_WRIST
0,0.3541528582572937,0.5262299180030823,0.43253269512206316,RIGHT_THUMB_CMC
0,0.35727912187576294,0.5494582056999207,0.42560082487761974,RIGHT_THUMB_MCP
0,0.3552389144897461,0.5668995976448059,0.4212157242000103,RIGHT_THUMB_IP
0,0.35311150550842285,0.5803471803665161,0.41694800555706024,RIGHT_THUMB_TIP
0,0.3386496603488922,0.5561087131500244,0.4206272531300783,RIGHT_INDEX_FINGER_MCP
0,0.3270110785961151,0.5864075422286987,0.41560277342796326,RIGHT_INDEX_FINGER_PIP
0,0.31963294744491577,0.602036714553833,0.41459135338664055,RIGHT_INDEX_FINGER_DIP
0,0.31240761280059814,0.6140097975730896,0.41416812501847744,RIGHT_INDEX_FINGER_TIP
0,0.32894861698150635,0.549071192741394,0.42454986833035946,RIGHT_MIDDLE_FINGER_MCP
0,0.31894034147262573,0.5835794806480408,0.41965199261903763,RIGHT_MIDDLE_FINGER_PIP
0,0.3144703209400177,0.602142870426178,0.4196526985615492,RIGHT_MIDDLE_FINGER_DIP
0,0.31057223677635193,0.6147254109382629,0.41986772045493126,RIGHT_MIDDLE_FINGER_TIP
0,0.3223910331726074,0.5427352786064148,0.42879542149603367,RIGHT_RING_FINGER_MCP
0,0.31554287672042847,0.5762019157409668,0.42401064559817314,RIGHT_RING_FINGER_PIP
0,0.31399890780448914,0.5926216244697571,0.4235171489417553,RIGHT_RING_FINGER_DIP
0,0.3121093511581421,0.6025552749633789,0.4235667586326599,RIGHT_RING_FINGER_TIP
0,0.318023681640625,0.5378127694129944,0.43244978226721287,RIGHT_PINKY_MCP
0,0.3088698983192444,0.5601587891578674,0.4282808182761073,RIGHT_PINKY_PIP
0,0.3023609220981598,0.5748063921928406,0.42659610509872437,RIGHT_PINKY_DIP
0,0.29690077900886536,0.58562833070755,0.4258384667336941,RIGHT_PINKY_TIP
1,0.4314139485359192,0.2454216331243515,-0.38297146558761597,NOSE
1,0.44827160239219666,0.2203264832496643,-0.3650193512439728,LEFT_EYE_INNER
1,0.4556478261947632,0.2236880362033844,-0.36544448137283325,LEFT_EYE
1,0.46296176314353943,0.22611986100673676,-0.3654853105545044,LEFT_EYE_OUTER
1,0.42985984683036804,0.21513140201568604,-0.3476935625076294,RIGHT_EYE_INNER
1,0.4250090420246124,0.21435891091823578,-0.3480949401855469,RIGHT_EYE
1,0.4214465320110321,0.21352003514766693,-0.34837332367897034,RIGHT_EYE_OUTER
1,0.4777041971683502,0.24640582501888275,-0.22813959419727325,LEFT_EAR
1,0.4229399561882019,0.22204181551933289,-0.1545163094997406,RIGHT_EAR
1,0.4432975947856903,0.278433620929718,-0.3275717496871948,MOUTH_LEFT
1,0.4233400523662567,0.2694932818412781,-0.30901506543159485,MOUTH_RIGHT
1,0.5289467573165894,0.37969180941581726,-0.20690412819385529,LEFT_SHOULDER
1,0.3811974823474884,0.38998621702194214,0.0237464290112257,RIGHT_SHOULDER
1,0.6092811226844788,0.6012510061264038,-0.3521156907081604,LEFT_ELBOW
1,0.3563894033432007,0.5831713080406189,-0.10205056518316269,RIGHT_ELBOW
1,0.5283271074295044,0.5598694086074829,-0.613986074924469,LEFT_WRIST
1,0.3486417531967163,0.5897603631019592,-0.5066915154457092,RIGHT_WRIST
1,0.5097686052322388,0.5945557355880737,-0.6856473684310913,LEFT_PINKY
1,0.33689039945602417,0.6182616353034973,-0.5911534428596497,RIGHT_PINKY
1,0.49367755651474,0.5625302195549011,-0.6939712166786194,LEFT_INDEX
1,0.33974525332450867,0.6005032658576965,-0.6105349659919739,RIGHT_INDEX
1,0.49819618463516235,0.5565889477729797,-0.6201985478401184,LEFT_THUMB
1,0.3497907519340515,0.5908404588699341,-0.5272930860519409,RIGHT_THUMB
1,0.42842531204223633,0.26801496744155884,-0.01065854076296091,FACE_0
1,0.4291743338108063,0.2751886248588562,-0.00825440138578415,FACE_13
1,0.42856448888778687,0.28203293681144714,-0.006916299927979708,FACE_14
1,0.4276272654533386,0.29132670164108276,-0.007441305089741945,FACE_17
1,0.4253448247909546,0.26623445749282837,-0.008692106232047081,FACE_37
1,0.42265060544013977,0.2679157257080078,-0.005523639731109142,FACE_39
1,0.42144161462783813,0.27094167470932007,-0.0023313916753977537,FACE_40
1,0.4148949384689331,0.19658751785755157,0.015548336319625378,FACE_46
1,0.4205356240272522,0.19055092334747314,0.007227683439850807,FACE_52
1,0.41711825132369995,0.19220700860023499,0.011421221308410168,FACE_53
1,0.4314400851726532,0.19811269640922546,-0.0003055846900679171,FACE_55
1,0.4207223951816559,0.2768440544605255,0.003862319979816675,FACE_61
1,0.41633856296539307,0.1884271502494812,0.01386143360286951,FACE_63
1,0.4252097010612488,0.191929429769516,0.0032796652521938086,FACE_65
1,0.42492035031318665,0.18701736629009247,0.003103764494881034,FACE_66
1,0.4141431748867035,0.1942412257194519,0.01931759901344776,FACE_70
1,0.4227966070175171,0.2766866683959961,0.002123405924066901,FACE_78
1,0.4244641065597534,0.27463293075561523,-0.0022081935312598944,FACE_80
1,0.4255220293998718,0.27415788173675537,-0.004438725765794516,FACE_81
1,0.4270530045032501,0.27445125579833984,-0.0065671238116919994,FACE_82
1,0.424397736787796,0.2893070876598358,-0.005841790698468685,FACE_84
1,0.4261246919631958,0.2808338403701782,-0.005118477623909712,FACE_87
1,0.42366597056388855,0.2789454758167267,-0.0012204708764329553,FACE_88
1,0.42121660709381104,0.28242358565330505,-0.0014314152067527175,FACE_91
1,0.42328181862831116,0.27838411927223206,0.0007550328155048192,FACE_95
1,0.4200078845024109,0.18582099676132202,0.008572081103920937,FACE_105
1,0.430960476398468,0.1898850053548813,-0.0008421049569733441,FACE_107
1,0.4209215044975281,0.27962905168533325,0.0012636043829843402,FACE_146
1,0.424551397562027,0.2796613276004791,-0.0031386427581310272,FACE_178
1,0.42226406931877136,0.2860890030860901,-0.0035510058514773846,FACE_181
1,0.4208836853504181,0.27375373244285583,0.0009911137167364359,FACE_185
1,0.4237937033176422,0.27522099018096924,0.00027660076739266515,FACE_191
1,0.4325610101222992,0.26888924837112427,-0.011515496298670769,FACE_267
1,0.43718600273132324,0.27348387241363525,-0.011343617923557758,FACE_269
1,0.4403039813041687,0.2779904305934906,-0.010279023088514805,FACE_270
1,0.46972188353538513,0.21343500912189484,-0.004575549159198999,FACE_276
1,0.45986708998680115,0.20196090638637543,-0.0067280554212629795,FACE_282
1,0.4653688073158264,0.2067076712846756,-0.006091037765145302,FACE_283
1,0.44394391775131226,0.20146873593330383,-0.004871852230280638,FACE_285
1,0.4441714286804199,0.285321444272995,-0.006712330970913172,FACE_291
1,0.4683624804019928,0.2039194256067276,-0.004839226603507996,FACE_293
1,0.45280909538269043,0.19964836537837982,-0.006299381610006094,FACE_295
1,0.4538404643535614,0.1949196308851242,-0.006753876805305481,FACE_296
1,0.47324904799461365,0.21219605207443237,-0.002303186571225524,FACE_300
1,0.4426090121269226,0.283958375453949,-0.00692062359303236,FACE_308
1,0.4381479024887085,0.27962979674339294,-0.008647252805531025,FACE_310
1,0.43536803126335144,0.277898907661438,-0.009212703444063663,FACE_311
1,0.432295560836792,0.2763540744781494,-0.009250279515981674,FACE_312
1,0.43184801936149597,0.29237598180770874,-0.00875343568623066,FACE_314
1,0.4319063425064087,0.28316885232925415,-0.007970545440912247,FACE_317
1,0.43818625807762146,0.2844732999801636,-0.007679486647248268,FACE_318
1,0.43973973393440247,0.2895039916038513,-0.00861664954572916,FACE_321
1,0.4402686059474945,0.2847400903701782,-0.007186868693679571,FACE_324
1,0.46180564165115356,0.19776642322540283,-0.006214536726474762,FACE_334
1,0.4455108344554901,0.19358617067337036,-0.005788901820778847,FACE_336
1,0.44240835309028625,0.2875584065914154,-0.00765641126781702,FACE_375
1,0.4351852238178253,0.2838575541973114,-0.008052152581512928,FACE_402
1,0.436026006937027,0.29159078001976013,-0.00909537635743618,FACE_405
1,0.4428495466709137,0.2817513644695282,-0.008716003969311714,FACE_409
1,0.4406372904777527,0.2814178764820099,-0.007718948647379875,FACE_415
1,0.5026192665100098,0.5547910928726196,0.613986074924469,LEFT_WRIST
1,0.48404911160469055,0.5721982717514038,0.6110200299881399,LEFT_THUMB_CMC
1,0.4662521779537201,0.5813388824462891,0.6024851454421878,LEFT_THUMB_MCP
1,0.4523079991340637,0.5795193314552307,0.5942454282194376,LEFT_THUMB_IP
1,0.440619558095932,0.5716880559921265,0.5864717420190573,LEFT_THUMB_TIP
1,0.476900577545166,0.562299907207489,0.5943700484931469,LEFT_INDEX_FINGER_MCP
1,0.4829792082309723,0.6094587445259094,0.5849505756050348,LEFT_INDEX_FINGER_PIP
1,0.4828031063079834,0.6045759916305542,0.5809952802956104,LEFT_INDEX_FINGER_DIP
1,0.47989267110824585,0.5929816365242004,0.5786933787167072,LEFT_INDEX_FINGER_TIP
1,0.4887097477912903,0.5499458312988281,0.5900371335446835,LEFT_MIDDLE_FINGER_MCP
1,0.49432605504989624,0.6055266261100769,0.580080222338438,LEFT_MIDDLE_FINGER_PIP
1,0.4916056990623474,0.5986988544464111,0.5800830274820328,LEFT_MIDDLE_FINGER_DIP
1,0.48743999004364014,0.5860985517501831,0.5794282779097557,LEFT_MIDDLE_FINGER_TIP
1,0.4994848966598511,0.544923722743988,0.5866956133395433,LEFT_RING_FINGER_MCP
1,0.5029849410057068,0.6005035638809204,0.5808267258107662,LEFT_RING_FINGER_PIP
1,0.49891406297683716,0.5927506685256958,0.5861168000847101,LEFT_RING_FINGER_DIP
1,0.49431854486465454,0.5793567299842834,0.5886313412338495,LEFT_RING_FINGER_TIP
1,0.5078786015510559,0.5448522567749023,0.5830311514437199,LEFT_PINKY_MCP
1,0.5097056031227112,0.5856102108955383,0.5808969475328922,LEFT_PINKY_PIP
1,0.5061928629875183,0.5820995569229126,0.5849736575037241,LEFT_PINKY_DIP
1,0.5023687481880188,0.5723286867141724,0.5871934704482555,LEFT_PINKY_TIP
1,0.35123926401138306,0.5021423697471619,0.5066915154457092,RIGHT_WRIST
1,0.36289697885513306,0.5224745869636536,0.500391670037061,RIGHT_THUMB_CMC
1,0.36271247267723083,0.5481204986572266,0.49647275544703007,RIGHT_THUMB_MCP
1,0.3577525019645691,0.5673600435256958,0.49411191139370203,RIGHT_THUMB_IP
1,0.3576410412788391,0.5827463269233704,0.4916708990931511,RIGHT_THUMB_TIP
1,0.3454135060310364,0.556427538394928,0.49268365651369095,RIGHT_INDEX_FINGER_MCP
1,0.33390292525291443,0.5858433842658997,0.48875379748642445,RIGHT_INDEX_FINGER_PIP
1,0.3261866569519043,0.6018710136413574,0.48739246279001236,RIGHT_INDEX_FINGER_DIP
1,0.31934523582458496,0.6130577921867371,0.48669774271547794,RIGHT_INDEX_FINGER_TIP
1,0.33575940132141113,0.5495798587799072,0.49425396136939526,RIGHT_MIDDLE_FINGER_MCP
1,0.3255288004875183,0.5814440846443176,0.4902755282819271,RIGHT_MIDDLE_FINGER_PIP
1,0.3183160722255707,0.6006414294242859,0.4889420550316572,RIGHT_MIDDLE_FINGER_DIP
1,0.31223663687705994,0.6135215163230896,0.4879420716315508,RIGHT_MIDDLE_FINGER_TIP
1,0.328492671251297,0.5427207946777344,0.49605336505919695,RIGHT_RING_FINGER_MCP
1,0.32006800174713135,0.5738221406936646,0.4921633154153824,RIGHT_RING_FINGER_PIP
1,0.31404218077659607,0.5926673412322998,0.4899380970746279,RIGHT_RING_FINGER_DIP
1,0.30930036306381226,0.6070495247840881,0.4883122742176056,RIGHT_RING_FINGER_TIP
1,0.32360509037971497,0.5359795093536377,0.4975874647498131,RIGHT_PINKY_MCP
1,0.3143799602985382,0.5575169920921326,0.494033757597208,RIGHT_PINKY_PIP
1,0.3073165714740753,0.5710216164588928,0.4919102191925049,RIGHT_PINKY_DIP
1,0.3014319837093353,0.5824158191680908,0.49043599516153336,RIGHT_PINKY_TIP
2,0.4319254755973816,0.2486855387687683,-0.40237608551979065,NOSE
2,0.44890519976615906,0.22296011447906494,-0.3841286897659302,LEFT_EYE_INNER
2,0.4558221399784088,0.2260294109582901,-0.38455846905708313,LEFT_EYE
2,0.46300262212753296,0.2281540483236313,-0.3846001625061035,LEFT_EYE_OUTER
2,0.4305383563041687,0.21640878915786743,-0.3676433563232422,RIGHT_EYE_INNER
2,0.4251680374145508,0.21538330614566803,-0.36805814504623413,RIGHT_EYE
2,0.42145293951034546,0.21453498303890228,-0.36833706498146057,RIGHT_EYE_OUTER
2,0.4781840741634369,0.24844275414943695,-0.24255132675170898,LEFT_EAR
2,0.4228769838809967,0.22252534329891205,-0.17269490659236908,RIGHT_EAR
2,0.4434864819049835,0.28189006447792053,-0.344704270362854,MOUTH_LEFT
2,0.42343178391456604,0.27269473671913147,-0.32733961939811707,MOUTH_RIGHT
2,0.5289458632469177,0.380318820476532,-0.2134029120206833,LEFT_SHOULDER
2,0.38099396228790283,0.3900087773799896,0.008573398925364017,RIGHT_SHOULDER
2,0.6094014644622803,0.6004806756973267,-0.35504141449928284,LEFT_ELBOW
2,0.35773786902427673,0.5842756032943726,-0.11346761137247086,RIGHT_ELBOW
2,0.5282273888587952,0.561100959777832,-0.6222040057182312,LEFT_WRIST
2,0.3497007489204407,0.5906543731689453,-0.5142601132392883,RIGHT_WRIST
2,0.5103835463523865,0.5963346362113953,-0.6949469447135925,LEFT_PINKY
2,0.3374859690666199,0.6182236671447754,-0.5984166860580444,RIGHT_PINKY
2,0.4936648905277252,0.5659229755401611,-0.7036584615707397,LEFT_INDEX
2,0.34120315313339233,0.6006010174751282,-0.6188017129898071,RIGHT_INDEX
2,0.4974375367164612,0.5612052083015442,-0.6287552714347839,LEFT_THUMB
2,0.3513812720775604,0.5912283062934875,-0.5349013209342957,RIGHT_THUMB
2,0.428875595331192,0.26888275146484375,-0.010980785824358463,FACE_0
2,0.42955678701400757,0.27649733424186707,-0.00851451326161623,FACE_13
2,0.4287293255329132,0.2850804626941681,-0.0067084673792123795,FACE_14
2,0.42778509855270386,0.2950870394706726,-0.0070122466422617435,FACE_17
2,0.42570358514785767,0.2670128643512726,-0.009098337031900883,FACE_37
2,0.4229319095611572,0.2688460052013397,-0.0060213906690478325,FACE_39
2,0.42172715067863464,0.27213254570961,-0.0028758891858160496,FACE_40
2,0.41468000411987305,0.19655121862888336,0.014718092046678066,FACE_46
2,0.4204210638999939,0.1910230666399002,0.006471316795796156,FACE_52
2,0.41690123081207275,0.19241398572921753,0.01055651344358921,FACE_53
2,0.4315653443336487,0.19882914423942566,-0.0007286481559276581,FACE_55
2,0.4209645390510559,0.2786979079246521,0.003342395881190896,FACE_61
2,0.4161641299724579,0.18862712383270264,0.013036029413342476,FACE_63
2,0.4252382516860962,0.19264107942581177,0.002679352881386876,FACE_65
2,0.4249500632286072,0.18771882355213165,0.0025069050025194883,FACE_66
2,0.4139941930770874,0.1941933035850525,0.01850840635597706,FACE_70
2,0.423136830329895,0.2784688472747803,0.0016374483238905668,FACE_78
2,0.42486074566841125,0.276083379983902,-0.002694124821573496,FACE_80
2,0.42591536045074463,0.2755119502544403,-0.004875706043094397,FACE_81
2,0.4274526834487915,0.27576184272766113,-0.006925253197550774,FACE_82
2,0.42440861463546753,0.2928273379802704,-0.005567552056163549,FACE_84
2,0.4262714982032776,0.2837527096271515,-0.005040520802140236,FACE_87
2,0.42391306161880493,0.281428724527359,-0.0013890375848859549,FACE_88
2,0.4212509095668793,0.2850113809108734,-0.0015430516796186566,FACE_91
2,0.4235778748989105,0.28058451414108276,0.0004101698868907988,FACE_95
2,0.4199233055114746,0.18626704812049866,0.007856872864067554,FACE_105
2,0.4310760796070099,0.19069667160511017,-0.0012953812256455421,FACE_107
2,0.42106127738952637,0.2817743122577667,0.0008878131047822535,FACE_146
2,0.4247346520423889,0.2824023365974426,-0.00317947450093925,FACE_178
2,0.42223060131073,0.2891853451728821,-0.003471462521702051,FACE_181
2,0.42117083072662354,0.27522268891334534,0.00040113896830007434,FACE_185
2,0.4241827726364136,0.2767990529537201,-0.00024835517979227006,FACE_191
2,0.43309086561203003,0.26976582407951355,-0.011687475256621838,FACE_267
2,0.43771126866340637,0.27463868260383606,-0.011376283131539822,FACE_269
2,0.44066259264945984,0.27942171692848206,-0.010187349282205105,FACE_270
2,0.47011908888816833,0.2139594554901123,-0.003915021661669016,FACE_276
2,0.4602501392364502,0.2028302699327469,-0.006405817810446024,FACE_282
2,0.46578994393348694,0.20741711556911469,-0.005626465659588575,FACE_283
2,0.44422048330307007,0.20231893658638,-0.004925440531224012,FACE_285
2,0.4442821443080902,0.2874196469783783,-0.006361235398799181,FACE_291
2,0.4686320126056671,0.20459631085395813,-0.004277587402611971,FACE_293
2,0.4531390964984894,0.2006101906299591,-0.0061495681293308735,FACE_295
2,0.45412564277648926,0.1958923190832138,-0.006596739869564772,FACE_296
2,0.4734732210636139,0.2126724123954773,-0.0015211629215627909,FACE_300
2,0.4425900876522064,0.2858738303184509,-0.006662837229669094,FACE_308
2,0.43827226758003235,0.28113657236099243,-0.008599234744906425,FACE_310
2,0.43561798334121704,0.2792889177799225,-0.009253781288862228,FACE_311
2,0.4326147735118866,0.277669757604599,-0.009386739693582058,FACE_312
2,0.43218711018562317,0.2960817515850067,-0.008259566500782967,FACE_314
2,0.43209025263786316,0.2861555218696594,-0.007668756414204836,FACE_317
2,0.43822360038757324,0.2870263457298279,-0.007340592797845602,FACE_318
2,0.4400579333305359,0.2923886179924011,-0.0081606674939394,FACE_321
2,0.44025880098342896,0.28701984882354736,-0.006891248747706413,FACE_324
2,0.46208685636520386,0.19860246777534485,-0.005791707430034876,FACE_334
2,0.44576582312583923,0.19449789822101593,-0.005877711810171604,FACE_336
2,0.44260385632514954,0.2899819016456604,-0.007323064375668764,FACE_375
2,0.4353073835372925,0.286670982837677,-0.007720423396676779,FACE_402
2,0.43641555309295654,0.29497432708740234,-0.008585787378251553,FACE_405
2,0.44304049015045166,0.2834641635417938,-0.008508505299687386,FACE_409
2,0.4406428933143616,0.2830582857131958,-0.00757779972627759,FACE_415
2,0.5103805661201477,0.5681287050247192,0.6222040057182312,LEFT_WRIST
2,0.4907286465167999,0.5870487689971924,0.6198351106140763,LEFT_THUMB_CMC
2,0.4721681475639343,0.5953031778335571,0.612141003832221,LEFT_THUMB_MCP
2,0.45710527896881104,0.5937917828559875,0.6046372000128031,LEFT_THUMB_IP
2,0.44445690512657166,0.5855851769447327,0.5978943016380072,LEFT_THUMB_TIP
2,0.47896769642829895,0.5723728537559509,0.6055051721632481,LEFT_INDEX_FINGER_MCP
2,0.48571741580963135,0.6230005025863647,0.5969258490949869,LEFT_INDEX_FINGER_PIP
2,0.4874429702758789,0.616536557674408,0.5933647602796555,LEFT_INDEX_FINGER_DIP
2,0.48490390181541443,0.6022912859916687,0.5911816023290157,LEFT_INDEX_FINGER_TIP
2,0.490163654088974,0.5606603622436523,0.6007746290415525,LEFT_MIDDLE_FINGER_MCP
2,0.4968426823616028,0.6176409125328064,0.5918063893914223,LEFT_MIDDLE_FINGER_PIP
2,0.4956001043319702,0.6092129349708557,0.5918074771761894,LEFT_MIDDLE_FINGER_DIP
2,0.4916266202926636,0.5950877666473389,0.590933158993721,LEFT_MIDDLE_FINGER_TIP
2,0.5012128353118896,0.5560963153839111,0.5968864485621452,LEFT_RING_FINGER_MCP
2,0.506158709526062,0.6128496527671814,0.5918772015720606,LEFT_RING_FINGER_PIP
2,0.5036524534225464,0.6030163168907166,0.5968500096350908,LEFT_RING_FINGER_DIP
2,0.4994276762008667,0.5871232748031616,0.5989685393869877,LEFT_RING_FINGER_TIP
2,0.5104644894599915,0.5570126175880432,0.5926378183066845,LEFT_PINKY_MCP
2,0.5135923624038696,0.5979740023612976,0.5912430100142956,LEFT_PINKY_PIP
2,0.5108152627944946,0.5918027758598328,0.5951177757233381,LEFT_PINKY_DIP
2,0.5068070888519287,0.5786229968070984,0.5970170646905899,LEFT_PINKY_TIP
2,0.35520637035369873,0.49401044845581055,0.5142601132392883,RIGHT_WRIST
2,0.3663344383239746,0.5150278806686401,0.508805968798697,RIGHT_THUMB_CMC
2,0.3657623529434204,0.5420277118682861,0.5051968358457088,RIGHT_THUMB_MCP
2,0.36047083139419556,0.5635517835617065,0.5028823716565967,RIGHT_THUMB_IP
2,0.36030909419059753,0.5800493359565735,0.5005242014303803,RIGHT_THUMB_TIP
2,0.3484326899051666,0.550605297088623,0.5019377032294869,RIGHT_INDEX_FINGER_MCP
2,0.3362685441970825,0.5792034864425659,0.4981565084308386,RIGHT_INDEX_FINGER_PIP
2,0.32848650217056274,0.5947869420051575,0.4968957547098398,RIGHT_INDEX_FINGER_DIP
2,0.32178428769111633,0.605256974697113,0.49630165472626686,RIGHT_INDEX_FINGER_TIP
2,0.3386811316013336,0.543320894241333,0.5029642032459378,RIGHT_MIDDLE_FINGER_MCP
2,0.3271481394767761,0.5743426084518433,0.49909589998424053,RIGHT_MIDDLE_FINGER_PIP
2,0.3191746771335602,0.5932402610778809,0.4979167189449072,RIGHT_MIDDLE_FINGER_DIP
2,0.3126548230648041,0.6061299443244934,0.4970496017485857,RIGHT_MIDDLE_FINGER_TIP
2,0.331484854221344,0.5362995266914368,0.5041480651125312,RIGHT_RING_FINGER_MCP
2,0.3214695155620575,0.5667517185211182,0.5001781852915883,RIGHT_RING_FINGER_PIP
2,0.3142310380935669,0.5856071710586548,0.4981188792735338,RIGHT_RING_FINGER_DIP
2,0.3086579144001007,0.6000238060951233,0.49672327749431133,RIGHT_RING_FINGER_TIP
2,0.3267669975757599,0.5297269821166992,0.5051131341606379,RIGHT_PINKY_MCP
2,0.3175257444381714,0.552288830280304,0.5015955194830894,RIGHT_PINKY_PIP
2,0.31073737144470215,0.5657907128334045,0.4996396480128169,RIGHT_PINKY_DIP
2,0.3050428628921509,0.5771191120147705,0.49834115244448185,RIGHT_PINKY_TIP
3,0.4324326813220978,0.2501227557659149,-0.40042582154273987,NOSE
3,0.44950664043426514,0.22396308183670044,-0.3822019696235657,LEFT_EYE_INNER
3,0.45626676082611084,0.22720061242580414,-0.3826252520084381,LEFT_EYE
3,0.46316173672676086,0.22929997742176056,-0.3826564848423004,LEFT_EYE_OUTER
3,0.43110761046409607,0.21658392250537872,-0.36510545015335083,RIGHT_EYE_INNER
3,0.4254557192325592,0.21546465158462524,-0.3655184507369995,RIGHT_EYE
3,0.42147883772850037,0.21467263996601105,-0.3657892346382141,RIGHT_EYE_OUTER
3,0.47863543033599854,0.24963974952697754,-0.24125462770462036,LEFT_EAR
3,0.4227971136569977,0.22262445092201233,-0.16927732527256012,RIGHT_EAR
3,0.4436706602573395,0.2834107577800751,-0.34322336316108704,MOUTH_LEFT
3,0.4234740138053894,0.2743052542209625,-0.3251742422580719,MOUTH_RIGHT
3,0.5289453864097595,0.38130682706832886,-0.21298186480998993,LEFT_SHOULDER
3,0.3810275197029114,0.3895646631717682,0.012458397075533867,RIGHT_SHOULDER
3,0.609665036201477,0.5992968678474426,-0.3540779650211334,LEFT_ELBOW
3,0.35826149582862854,0.5817592740058899,-0.11107583343982697,RIGHT_ELBOW
3,0.5280647277832031,0.5635974407196045,-0.6181681156158447,LEFT_WRIST
3,0.35098522901535034,0.5907174348831177,-0.5157614350318909,RIGHT_WRIST
3,0.511562168598175,0.5993421077728271,-0.6907116770744324,LEFT_PINKY
3,0.3386496305465698,0.617186427116394,-0.6006743907928467,RIGHT_PINKY
3,0.49366313219070435,0.5711661577224731,-0.6988468170166016,LEFT_INDEX
3,0.3435743749141693,0.600597083568573,-0.6207651495933533,RIGHT_INDEX
3,0.4967714548110962,0.5664404630661011,-0.6242625117301941,LEFT_THUMB
3,0.3537270128726959,0.5913063883781433,-0.5365011692047119,RIGHT_THUMB
3,0.4290863871574402,0.26961931586265564,-0.010916096158325672,FACE_0
3,0.4298074245452881,0.2771204710006714,-0.008368819952011108,FACE_13
3,0.4287532866001129,0.28816458582878113,-0.005926528014242649,FACE_14
3,0.4277910888195038,0.29831773042678833,-0.0059706526808440685,FACE_17
3,0.4258233606815338,0.2676287889480591,-0.009001645259559155,FACE_37
3,0.42303457856178284,0.26932746171951294,-0.005827296059578657,FACE_39
3,0.42185109853744507,0.27260127663612366,-0.0024888324551284313,FACE_40
3,0.4149673581123352,0.19613026082515717,0.014225827530026436,FACE_46
3,0.4207437336444855,0.19093745946884155,0.005800084676593542,FACE_52
3,0.41719865798950195,0.19216831028461456,0.009935264475643635,FACE_53
3,0.43197101354599,0.1989661455154419,-0.001436882303096354,FACE_55
3,0.42105600237846375,0.2795518636703491,0.004094928503036499,FACE_61
3,0.41645514965057373,0.18835784494876862,0.012402203865349293,FACE_63
3,0.425615131855011,0.19268199801445007,0.0019875983707606792,FACE_65
3,0.4253097176551819,0.1877814382314682,0.001748069073073566,FACE_66
3,0.4142776131629944,0.19370710849761963,0.01803322322666645,FACE_70
3,0.4232947826385498,0.279375284910202,0.0023719738237559795,FACE_78
3,0.4250572919845581,0.2766251564025879,-0.002297061262652278,FACE_80
3,0.42610326409339905,0.27602845430374146,-0.004597282037138939,FACE_81
3,0.42764851450920105,0.2763098180294037,-0.0067350189201533794,FACE_82
3,0.4242326021194458,0.2957535982131958,-0.0045200856402516365,FACE_84
3,0.4262089431285858,0.2866317629814148,-0.0042140004225075245,FACE_87
3,0.423928827047348,0.28354060649871826,-0.0005503014544956386,FACE_88
3,0.4211372137069702,0.28691786527633667,-0.0005586470942944288,FACE_91
3,0.4236612617969513,0.28224486112594604,0.0012256847694516182,FACE_95
3,0.42023587226867676,0.1861695945262909,0.007159223314374685,FACE_105
3,0.4314652979373932,0.190870463848114,-0.00209621898829937,FACE_107
3,0.4210551381111145,0.28314563632011414,0.0017433223547413945,FACE_146
3,0.4246819019317627,0.28497469425201416,-0.0023464171681553125,FACE_178
3,0.4220341742038727,0.29165443778038025,-0.002426541643217206,FACE_181
3,0.42130619287490845,0.2757760286331177,0.0009680630173534155,FACE_185
3,0.42438721656799316,0.2774134874343872,0.00031063437927514315,FACE_191
3,0.4334191381931305,0.27059370279312134,-0.01163425762206316,FACE_267
3,0.4381314516067505,0.27546876668930054,-0.011262375861406326,FACE_269
3,0.4411163628101349,0.2803284227848053,-0.00991489551961422,FACE_270
3,0.47057050466537476,0.21488532423973083,-0.00472930958494544,FACE_276
3,0.4606269598007202,0.20369181036949158,-0.007302348501980305,FACE_282
3,0.4662087857723236,0.20837882161140442,-0.006542970892041922,FACE_283
3,0.4445219039916992,0.20270051062107086,-0.005715270526707172,FACE_285
3,0.444862425327301,0.288813978433609,-0.005759587045758963,FACE_291
3,0.46907997131347656,0.20562872290611267,-0.005220187362283468,FACE_293
3,0.4534681439399719,0.20127446949481964,-0.007005379069596529,FACE_295
3,0.4544864296913147,0.1966192126274109,-0.007524535525590181,FACE_296
3,0.47399941086769104,0.21360307931900024,-0.0023548000026494265,FACE_300
3,0.4430779218673706,0.28722167015075684,-0.006066872738301754,FACE_308
3,0.43864905834198,0.28194838762283325,-0.008299280889332294,FACE_310
3,0.43596410751342773,0.2800208032131195,-0.009062668308615685,FACE_311
3,0.4329204857349396,0.2783415615558624,-0.009240237064659595,FACE_312
3,0.43241846561431885,0.29933908581733704,-0.007268064189702272,FACE_314
3,0.4322366714477539,0.2892402410507202,-0.006908652372658253,FACE_317
3,0.43851521611213684,0.2895139455795288,-0.006618287414312363,FACE_318
3,0.44054466485977173,0.29490604996681213,-0.007299213204532862,FACE_321
3,0.44062161445617676,0.2890756130218506,-0.006203720811754465,FACE_324
3,0.46250465512275696,0.19952082633972168,-0.0067314752377569675,FACE_334
3,0.44611063599586487,0.19497206807136536,-0.0067499009892344475,FACE_336
3,0.44315293431282043,0.2919270098209381,-0.006593517959117889,FACE_375
3,0.43552517890930176,0.2895442545413971,-0.006974454037845135,FACE_402
3,0.43681085109710693,0.29797908663749695,-0.007651323452591896,FACE_405
3,0.4435552656650543,0.2844998836517334,-0.008087649010121822,FACE_409
3,0.4410765767097473,0.2840195894241333,-0.00714604277163744,FACE_415
3,0.5045666694641113,0.5763887166976929,0.6181681156158447,LEFT_WRIST
3,0.48503562808036804,0.5930085182189941,0.6158925071358681,LEFT_THUMB_CMC
3,0.4672585129737854,0.602175235748291,0.6084274156019092,LEFT_THUMB_MCP
3,0.45309585332870483,0.6031479239463806,0.6013058573007584,LEFT_THUMB_IP
3,0.44084322452545166,0.5966852903366089,0.594861688092351,LEFT_THUMB_TIP
3,0.4748865067958832,0.5793371200561523,0.6015567909926176,LEFT_INDEX_FINGER_MCP
3,0.48029035329818726,0.629142165184021,0.5932579692453146,LEFT_INDEX_FINGER_PIP
3,0.4805145263671875,0.622096061706543,0.5895321778953075,LEFT_INDEX_FINGER_DIP
3,0.4777093231678009,0.6087937951087952,0.5871783383190632,LEFT_INDEX_FINGER_TIP
3,0.4862060248851776,0.5690981149673462,0.5971301104873419,LEFT_MIDDLE_FINGER_MCP
3,0.49187129735946655,0.6254046559333801,0.5884217526763678,LEFT_MIDDLE_FINGER_PIP
3,0.4892725348472595,0.6146255731582642,0.588172934949398,LEFT_MIDDLE_FINGER_DIP
3,0.4850575029850006,0.599990963935852,0.5869785435497761,LEFT_MIDDLE_FINGER_TIP
3,0.4970741271972656,0.565177857875824,0.5936295129358768,LEFT_RING_FINGER_MCP
3,0.5012381076812744,0.6202972531318665,0.5888569373637438,LEFT_RING_FINGER_PIP
3,0.49768513441085815,0.6078197956085205,0.5934502203017473,LEFT_RING_FINGER_DIP
3,0.4928858280181885,0.5916054248809814,0.59523737244308,LEFT_RING_FINGER_TIP
3,0.5060058832168579,0.5662654638290405,0.5898158680647612,LEFT_PINKY_MCP
3,0.5085939764976501,0.6048364043235779,0.588235130533576,LEFT_PINKY_PIP
3,0.5054222941398621,0.5969561338424683,0.5917281955480576,LEFT_PINKY_DIP
3,0.5012234449386597,0.5833605527877808,0.593334274366498,LEFT_PINKY_TIP
3,0.34510987997055054,0.5210298299789429,0.5157614350318909,RIGHT_WRIST
3,0.35436978936195374,0.5394843816757202,0.5073357727378607,RIGHT_THUMB_CMC
3,0.35693585872650146,0.5602417588233948,0.5009108670055866,RIGHT_THUMB_MCP
3,0.3555141091346741,0.5755774974822998,0.4966684803366661,RIGHT_THUMB_IP
3,0.35550805926322937,0.586926281452179,0.4922831058502197,RIGHT_THUMB_TIP
3,0.34239065647125244,0.5646229982376099,0.4933839850127697,RIGHT_INDEX_FINGER_MCP
3,0.3292166590690613,0.5902168154716492,0.48836448788642883,RIGHT_INDEX_FINGER_PIP
3,0.32140445709228516,0.6044533252716064,0.4872739762067795,RIGHT_INDEX_FINGER_DIP
3,0.31429412961006165,0.6141719818115234,0.4868328310549259,RIGHT_INDEX_FINGER_TIP
3,0.3333479166030884,0.5551264882087708,0.49599032662808895,RIGHT_MIDDLE_FINGER_MCP
3,0.3212772309780121,0.5855574607849121,0.49085156060755253,RIGHT_MIDDLE_FINGER_PIP
3,0.31291401386260986,0.6026021242141724,0.49036066606640816,RIGHT_MIDDLE_FINGER_DIP
3,0.30638033151626587,0.613608181476593,0.4900669287890196,RIGHT_MIDDLE_FINGER_TIP
3,0.3262392282485962,0.5484651923179626,0.4992197249084711,RIGHT_RING_FINGER_MCP
3,0.3161081075668335,0.5776746869087219,0.49423603154718876,RIGHT_RING_FINGER_PIP
3,0.3081594407558441,0.5944223999977112,0.49238997884094715,RIGHT_RING_FINGER_DIP
3,0.30167698860168457,0.6055578589439392,0.49130277149379253,RIGHT_RING_FINGER_TIP
3,0.32082507014274597,0.5439584255218506,0.5022874139249325,RIGHT_PINKY_MCP
3,0.3125513195991516,0.566786527633667,0.498158423230052,RIGHT_PINKY_PIP
3,0.3062768280506134,0.5798913836479187,0.49597342126071453,RIGHT_PINKY_DIP
3,0.30075812339782715,0.5892766714096069,0.4945079907774925,RIGHT_PINKY_TIP
4,0.4327371418476105,0.2500423491001129,-0.39855068922042847,NOSE
4,0.4498649537563324,0.22390875220298767,-0.3811045289039612,LEFT_EYE_INNER
4,0.4566073417663574,0.22716650366783142,-0.38152679800987244,LEFT_EYE
4,0.4632808268070221,0.22928012907505035,-0.3815537691116333,LEFT_EYE_OUTER
4,0.43127167224884033,0.21650490164756775,-0.3636593520641327,RIGHT_EYE_INNER
4,0.4254760444164276,0.21537457406520844,-0.36407795548439026,RIGHT_EYE
4,0.42145252227783203,0.21464760601520538,-0.36434468626976013,RIGHT_EYE_OUTER
4,0.47877636551856995,0.24962212145328522,-0.24322137236595154,LEFT_EAR
4,0.4224715232849121,0.22261516749858856,-0.16994355618953705,RIGHT_EAR
4,0.44398632645606995,0.28335699439048767,-0.3424767553806305,MOUTH_LEFT
4,0.42347708344459534,0.27425429224967957,-0.3240506947040558,MOUTH_RIGHT
4,0.5289496779441833,0.3818769156932831,-0.21902480721473694,LEFT_SHOULDER
4,0.3810339570045471,0.3893582224845886,0.013701294548809528,RIGHT_SHOULDER
4,0.6098408102989197,0.5989434123039246,-0.35634076595306396,LEFT_ELBOW
4,0.3587241768836975,0.5769082307815552,-0.10943279415369034,RIGHT_ELBOW
4,0.527370274066925,0.5657617449760437,-0.6132846474647522,LEFT_WRIST
4,0.35316357016563416,0.5907961130142212,-0.5088564157485962,RIGHT_WRIST
4,0.5113966464996338,0.6022754311561584,-0.6849207282066345,LEFT_PINKY
4,0.3412705957889557,0.6158363223075867,-0.5918851494789124,RIGHT_PINKY
4,0.493457168340683,0.5754064917564392,-0.6926539540290833,LEFT_INDEX
4,0.3456677794456482,0.6004741787910461,-0.6118008494377136,RIGHT_INDEX
4,0.49592888355255127,0.5698748826980591,-0.6190851330757141,LEFT_THUMB
4,0.35555827617645264,0.5913220643997192,-0.529491126537323,RIGHT_THUMB
4,0.42889150977134705,0.2709009051322937,-0.010699388571083546,FACE_0
4,0.42959073185920715,0.2785094380378723,-0.008021173998713493,FACE_13
4,0.42926326394081116,0.2829187214374542,-0.007161544635891914,FACE_14
4,0.4283227324485779,0.2928793430328369,-0.007714432664215565,FACE_17
4,0.4258110523223877,0.2689356803894043,-0.008850005455315113,FACE_37
4,0.42313095927238464,0.2705710828304291,-0.0057671149261295795,FACE_39
4,0.4218754172325134,0.27357175946235657,-0.002679636934772134,FACE_40
4,0.4153095781803131,0.1962326169013977,0.014594990760087967,FACE_46
4,0.4209030866622925,0.19093528389930725,0.006252957042306662,FACE_52
4,0.4174366295337677,0.19222529232501984,0.010400515049695969,FACE_53
4,0.4319959878921509,0.19896315038204193,-0.0009503148612566292,FACE_55
4,0.42108139395713806,0.2792019844055176,0.003466331399977207,FACE_61
4,0.41675055027008057,0.1883315145969391,0.01280842162668705,FACE_63
4,0.4256717562675476,0.19262650609016418,0.00244651036337018,FACE_65
4,0.425392210483551,0.1877007633447647,0.0022054710425436497,FACE_66
4,0.414644718170166,0.19370363652706146,0.018357601016759872,FACE_70
4,0.4231224060058594,0.27883630990982056,0.0016733751399442554,FACE_78
4,0.4248984754085541,0.2775770425796509,-0.00238392548635602,FACE_80
4,0.42602038383483887,0.2773382365703583,-0.004450998269021511,FACE_81
4,0.42756029963493347,0.27773353457450867,-0.006468368228524923,FACE_82
4,0.42508870363235474,0.29080554842948914,-0.006286314222961664,FACE_84
4,0.42684510350227356,0.281755268573761,-0.005543448496609926,FACE_87
4,0.42421939969062805,0.28029003739356995,-0.0017788923578336835,FACE_88
4,0.42173951864242554,0.28407022356987,-0.0019943946972489357,FACE_91
4,0.42374691367149353,0.27997419238090515,0.0002156546397600323,FACE_95
4,0.4204084873199463,0.1861167997121811,0.00758558651432395,FACE_105
4,0.4315144717693329,0.19082820415496826,-0.00160010508261621,FACE_107
4,0.42134612798690796,0.2815242409706116,0.0007560069789178669,FACE_146
4,0.4251997172832489,0.28077423572540283,-0.0036476238165050745,FACE_178
4,0.42288050055503845,0.2876383662223816,-0.004117715172469616,FACE_181
4,0.42126771807670593,0.27631935477256775,0.0005928894388489425,FACE_185
4,0.4241558015346527,0.27790409326553345,-4.250253550708294e-05,FACE_191
4,0.4330348074436188,0.27163809537887573,-0.011409400030970573,FACE_267
4,0.4376813769340515,0.276244580745697,-0.011070954613387585,FACE_269
4,0.440753698348999,0.280764639377594,-0.009982346557080746,FACE_270
4,0.470959335565567,0.21495166420936584,-0.004229312762618065,FACE_276
4,0.4609856605529785,0.20387126505374908,-0.0067600361071527,FACE_282
4,0.4665742516517639,0.20848853886127472,-0.005985615309327841,FACE_283
4,0.44476231932640076,0.2028595209121704,-0.005190253257751465,FACE_285
4,0.44462478160858154,0.28786060214042664,-0.006325859576463699,FACE_291
4,0.4694550931453705,0.20562244951725006,-0.004696651361882687,FACE_293
4,0.45382437109947205,0.2014663964509964,-0.006479819770902395,FACE_295
4,0.4548358917236328,0.1967809647321701,-0.006983356550335884,FACE_296
4,0.4743776023387909,0.213576078414917,-0.001866358332335949,FACE_300
4,0.4430592954158783,0.2862853705883026,-0.006677273660898209,FACE_308
4,0.4385201632976532,0.28255611658096313,-0.008235224522650242,FACE_310
4,0.43573591113090515,0.2810210883617401,-0.008787727914750576,FACE_311
4,0.43263721466064453,0.27956604957580566,-0.008885624818503857,FACE_312
4,0.4325511157512665,0.29395028948783875,-0.00889948382973671,FACE_314
4,0.432550847530365,0.2840767204761505,-0.008085016161203384,FACE_317
4,0.4387553632259369,0.28586503863334656,-0.007669598795473576,FACE_318
4,0.4403707683086395,0.2913644313812256,-0.00855096336454153,FACE_321
4,0.4407994747161865,0.2864284813404083,-0.007089491933584213,FACE_324
4,0.46287593245506287,0.19963887333869934,-0.006209145300090313,FACE_334
4,0.44636255502700806,0.19511359930038452,-0.006248078308999538,FACE_336
4,0.44296422600746155,0.28967347741127014,-0.0074709379114210606,FACE_375
4,0.4357805848121643,0.2849496901035309,-0.00807673204690218,FACE_402
4,0.43669745326042175,0.2932899296283722,-0.009120159782469273,FACE_405
4,0.44329652190208435,0.2844826877117157,-0.008386042900383472,FACE_409
4,0.44098496437072754,0.2841116786003113,-0.0073713199235498905,FACE_415
4,0.4994935393333435,0.5850716233253479,0.6132846474647522,LEFT_WRIST
4,0.47991812229156494,0.6008144617080688,0.6114277757005766,LEFT_THUMB_CMC
4,0.4622628390789032,0.6098954081535339,0.6039844295009971,LEFT_THUMB_MCP
4,0.4486539959907532,0.6093710660934448,0.5967837143689394,LEFT_THUMB_IP
4,0.43754881620407104,0.6025133728981018,0.5902028288692236,LEFT_THUMB_TIP
4,0.47163912653923035,0.5865983366966248,0.5962679572403431,LEFT_INDEX_FINGER_MCP
4,0.47502630949020386,0.6357420086860657,0.587466424331069,LEFT_INDEX_FINGER_PIP
4,0.47515401244163513,0.6280913949012756,0.5837874785065651,LEFT_INDEX_FINGER_DIP
4,0.47297894954681396,0.6147611141204834,0.5816968530416489,LEFT_INDEX_FINGER_TIP
4,0.48323529958724976,0.5752936005592346,0.5917186103761196,LEFT_MIDDLE_FINGER_MCP
4,0.4863932132720947,0.6301628947257996,0.5823410283774137,LEFT_MIDDLE_FINGER_PIP
4,0.48417821526527405,0.6196175217628479,0.5823553614318371,LEFT_MIDDLE_FINGER_DIP
4,0.4813414514064789,0.6053791046142578,0.5816997103393078,LEFT_MIDDLE_FINGER_TIP
4,0.49397730827331543,0.5707098841667175,0.5881326012313366,LEFT_RING_FINGER_MCP
4,0.4949984550476074,0.6234563589096069,0.5823650863021612,LEFT_RING_FINGER_PIP
4,0.4918813109397888,0.612373411655426,0.5874526463449001,LEFT_RING_FINGER_DIP
4,0.4883068799972534,0.5976086854934692,0.5900040902197361,LEFT_RING_FINGER_TIP
4,0.502760648727417,0.5709693431854248,0.5843526758253574,LEFT_PINKY_MCP
4,0.5026232600212097,0.607021689414978,0.5818239785730839,LEFT_PINKY_PIP
4,0.49981045722961426,0.5996625423431396,0.5856615398079157,LEFT_PINKY_DIP
4,0.4965776205062866,0.5867505669593811,0.5879110842943192,LEFT_PINKY_TIP
4,0.35205814242362976,0.5103819370269775,0.5088564157485962,RIGHT_WRIST
4,0.3636658787727356,0.5256441235542297,0.49825794622302055,RIGHT_THUMB_CMC
4,0.3652496635913849,0.5456029176712036,0.4922783151268959,RIGHT_THUMB_MCP
4,0.3612445592880249,0.5616704225540161,0.4888626057654619,RIGHT_THUMB_IP
4,0.35890883207321167,0.5746341347694397,0.48531029000878334,RIGHT_THUMB_TIP
4,0.34674251079559326,0.55194091796875,0.4879314210265875,RIGHT_INDEX_FINGER_MCP
4,0.3339882493019104,0.5769709348678589,0.48233591206371784,RIGHT_INDEX_FINGER_PIP
4,0.32608160376548767,0.5907838344573975,0.4801214151084423,RIGHT_INDEX_FINGER_DIP
4,0.3197033405303955,0.6003811955451965,0.4788960237056017,RIGHT_INDEX_FINGER_TIP
4,0.3369821012020111,0.5454974174499512,0.4914444871246815,RIGHT_MIDDLE_FINGER_MCP
4,0.32468345761299133,0.5723726749420166,0.4852956011891365,RIGHT_MIDDLE_FINGER_PIP
4,0.31607937812805176,0.5897343158721924,0.482944343239069,RIGHT_MIDDLE_FINGER_DIP
4,0.30951616168022156,0.6015785336494446,0.481381569057703,RIGHT_MIDDLE_FINGER_TIP
4,0.3304142355918884,0.5407175421714783,0.49517904315143824,RIGHT_RING_FINGER_MCP
4,0.32004788517951965,0.5671952366828918,0.48919792100787163,RIGHT_RING_FINGER_PIP
4,0.3118749260902405,0.5833776593208313,0.4860697127878666,RIGHT_RING_FINGER_DIP
4,0.3055316209793091,0.5954223871231079,0.4841641504317522,RIGHT_RING_FINGER_TIP
4,0.3264502286911011,0.5369657874107361,0.4984779227524996,RIGHT_PINKY_MCP
4,0.3172804117202759,0.5578439235687256,0.4930828958749771,RIGHT_PINKY_PIP
4,0.3104950189590454,0.5712464451789856,0.48990296572446823,RIGHT_PINKY_DIP
4,0.305337518453598,0.5819827914237976,0.48792529851198196,RIGHT_PINKY_TIP
5,0.4336777627468109,0.2503030598163605,-0.39134135842323303,NOSE
5,0.4508047103881836,0.22405122220516205,-0.3734003007411957,LEFT_EYE_INNER
5,0.4579285979270935,0.2272420972585678,-0.37381789088249207,LEFT_EYE
5,0.4638158082962036,0.22933730483055115,-0.3738463521003723,LEFT_EYE_OUTER
5,0.431927889585495,0.21653375029563904,-0.35582607984542847,RIGHT_EYE_INNER
5,0.42600157856941223,0.21537576615810394,-0.3562397062778473,RIGHT_EYE
5,0.42154380679130554,0.2146705836057663,-0.3565022051334381,RIGHT_EYE_OUTER
5,0.47928550839424133,0.24961522221565247,-0.23536238074302673,LEFT_EAR
5,0.422282338142395,0.22299593687057495,-0.16123883426189423,RIGHT_EAR
5,0.44544047117233276,0.28358423709869385,-0.3353634178638458,MOUTH_LEFT
5,0.42371025681495667,0.2744274139404297,-0.31674525141716003,MOUTH_RIGHT
5,0.5289838910102844,0.38210830092430115,-0.21434888243675232,LEFT_SHOULDER
5,0.38120877742767334,0.3893330693244934,0.02033422328531742,RIGHT_SHOULDER
5,0.6098313927650452,0.5987191796302795,-0.35558488965034485,LEFT_ELBOW
5,0.3628177344799042,0.5751371383666992,-0.10531215369701385,RIGHT_ELBOW
5,0.5235693454742432,0.5679399967193604,-0.6019884943962097,LEFT_WRIST
5,0.35520607233047485,0.5923225283622742,-0.5061725974082947,RIGHT_WRIST
5,0.5092241168022156,0.6067433953285217,-0.6726846098899841,LEFT_PINKY
5,0.34336552023887634,0.615797221660614,-0.5886905789375305,RIGHT_PINKY
5,0.4914461374282837,0.5817171335220337,-0.6804258227348328,LEFT_INDEX
5,0.3467205762863159,0.6004987359046936,-0.6094080805778503,RIGHT_INDEX
5,0.4926415979862213,0.5748191475868225,-0.6074316501617432,LEFT_THUMB
5,0.35658353567123413,0.5915478467941284,-0.5273095965385437,RIGHT_THUMB
5,0.42888882756233215,0.27167806029319763,-0.009789329022169113,FACE_0
5,0.4298338294029236,0.2785203456878662,-0.0068620434030890465,FACE_13
5,0.42984282970428467,0.27955663204193115,-0.006644036155194044,FACE_14
5,0.42916804552078247,0.28855329751968384,-0.007639995776116848,FACE_17
5,0.425601989030838,0.2695738673210144,-0.007945031858980656,FACE_37
5,0.42281603813171387,0.2705536484718323,-0.004644116852432489,FACE_39
5,0.42148053646087646,0.2727782726287842,-0.0013454665895551443,FACE_40
5,0.4150061309337616,0.19682304561138153,0.014242984354496002,FACE_46
5,0.42009127140045166,0.19177043437957764,0.005583891645073891,FACE_52
5,0.41683346033096313,0.19298557937145233,0.009897596202790737,FACE_53
5,0.43111351132392883,0.19955962896347046,-0.001866767881438136,FACE_55
5,0.42058247327804565,0.2766764461994171,0.005122707225382328,FACE_61
5,0.4162006378173828,0.18895326554775238,0.012205421924591064,FACE_63
5,0.4247305393218994,0.19339892268180847,0.0016249138861894608,FACE_65
5,0.4243904948234558,0.18835800886154175,0.0012485738843679428,FACE_66
5,0.41444915533065796,0.1941150277853012,0.017934978008270264,FACE_70
5,0.42245784401893616,0.2764686346054077,0.0032659631688147783,FACE_78
5,0.4244604706764221,0.27645716071128845,-0.0009007691987790167,FACE_80
5,0.4258081316947937,0.2767961621284485,-0.0030658021569252014,FACE_81
5,0.4275582432746887,0.27757227420806885,-0.005207452457398176,FACE_82
5,0.42594096064567566,0.286758154630661,-0.006089851725846529,FACE_84
5,0.42727118730545044,0.27848583459854126,-0.004954889882355928,FACE_87
5,0.4240912199020386,0.27725809812545776,-0.0008295062580145895,FACE_88
5,0.422016978263855,0.2808626592159271,-0.001074948813766241,FACE_91
5,0.423392117023468,0.27710914611816406,0.0014976825332269073,FACE_95
5,0.41958293318748474,0.18679916858673096,0.006800908595323563,FACE_105
5,0.43050554394721985,0.19138038158416748,-0.002725907601416111,FACE_107
5,0.42120838165283203,0.27868226170539856,0.002196182031184435,FACE_146
5,0.42535972595214844,0.27761736512184143,-0.0028908848762512207,FACE_178
5,0.4235287606716156,0.2839983105659485,-0.0035619158297777176,FACE_181
5,0.4207455813884735,0.2746756076812744,0.0021667559631168842,FACE_185
5,0.42351236939430237,0.27625012397766113,0.0015319297090172768,FACE_191
5,0.4332544505596161,0.2722761631011963,-0.010676030069589615,FACE_267
5,0.43830427527427673,0.2762494683265686,-0.010303610935807228,FACE_269
5,0.44181862473487854,0.2800179123878479,-0.009145514108240604,FACE_270
5,0.4709756374359131,0.21400205790996552,-0.005924052558839321,FACE_276
5,0.46069514751434326,0.2036229372024536,-0.008363895118236542,FACE_282
5,0.46643319725990295,0.2078966647386551,-0.007666748482733965,FACE_283
5,0.4441750645637512,0.20316968858242035,-0.006428120657801628,FACE_285
5,0.44628632068634033,0.28546494245529175,-0.005387700628489256,FACE_291
5,0.4693387448787689,0.204751655459404,-0.0065360963344573975,FACE_293
5,0.45337653160095215,0.2015421986579895,-0.00795130804181099,FACE_295
5,0.45433375239372253,0.19670696556568146,-0.008628999814391136,FACE_296
5,0.47440093755722046,0.2122829258441925,-0.0037244842387735844,FACE_300
5,0.4447900056838989,0.28422388434410095,-0.005698910914361477,FACE_308
5,0.4398443400859833,0.2817005515098572,-0.007110371720045805,FACE_310
5,0.4366903007030487,0.28061169385910034,-0.007659225258976221,FACE_311
5,0.4332336485385895,0.27948346734046936,-0.007748617324978113,FACE_312
5,0.4333794116973877,0.28964003920555115,-0.008806317113339901,FACE_314
5,0.4333333373069763,0.28070777654647827,-0.007605457212775946,FACE_317
5,0.4401187002658844,0.28289735317230225,-0.007073461543768644,FACE_318
5,0.4415147304534912,0.28790876269340515,-0.008030854165554047,FACE_321
5,0.4423593580722809,0.2837316393852234,-0.006322967819869518,FACE_324
5,0.46257075667381287,0.19915789365768433,-0.00799702387303114,FACE_334
5,0.4456678032875061,0.19530734419822693,-0.007714107166975737,FACE_336
5,0.4443799555301666,0.2867599427700043,-0.006624807603657246,FACE_375
5,0.43684789538383484,0.2817303240299225,-0.007561306934803724,FACE_402
5,0.43761634826660156,0.28926751017570496,-0.008841329254209995,FACE_405
5,0.4447709023952484,0.2829758822917938,-0.007469911593943834,FACE_409
5,0.4425797760486603,0.282764196395874,-0.006317882798612118,FACE_415
5,0.4926581382751465,0.5883170366287231,0.6019884943962097,LEFT_WRIST
5,0.47554120421409607,0.6047000288963318,0.5995309932623059,LEFT_THUMB_CMC
5,0.45779910683631897,0.6129454970359802,0.5913658943027258,LEFT_THUMB_MCP
5,0.443360835313797,0.6112605929374695,0.5837354250252247,LEFT_THUMB_IP
5,0.43354639410972595,0.6076743602752686,0.5766837261617184,LEFT_THUMB_TIP
5,0.46770286560058594,0.5903828144073486,0.583989704027772,LEFT_INDEX_FINGER_MCP
5,0.47166159749031067,0.6400132775306702,0.576073719188571,LEFT_INDEX_FINGER_PIP
5,0.4709198474884033,0.6285302042961121,0.5721752922981977,LEFT_INDEX_FINGER_DIP
5,0.4686380922794342,0.6119385957717896,0.5697300210595131,LEFT_INDEX_FINGER_TIP
5,0.47949373722076416,0.5781738758087158,0.5800469908863306,LEFT_MIDDLE_FINGER_MCP
5,0.4840790033340454,0.6339312195777893,0.5723552629351616,LEFT_MIDDLE_FINGER_PIP
5,0.4786767363548279,0.618929386138916,0.5718940459191799,LEFT_MIDDLE_FINGER_DIP
5,0.47338905930519104,0.6014077663421631,0.5702143795788288,LEFT_MIDDLE_FINGER_TIP
5,0.48999714851379395,0.573115885257721,0.5773569270968437,LEFT_RING_FINGER_MCP
5,0.4937838912010193,0.626715362071991,0.5740896388888359,LEFT_RING_FINGER_PIP
5,0.48866260051727295,0.6104748845100403,0.5789160113781691,LEFT_RING_FINGER_DIP
5,0.48385512828826904,0.5926365256309509,0.5804489273577929,LEFT_RING_FINGER_TIP
5,0.49757570028305054,0.5731059312820435,0.5743485745042562,LEFT_PINKY_MCP
5,0.5002361536026001,0.6097754836082458,0.5741398129612207,LEFT_PINKY_PIP
5,0.496429443359375,0.5983194708824158,0.5780535787343979,LEFT_PINKY_DIP
5,0.49213922023773193,0.5831010937690735,0.579660564661026,LEFT_PINKY_TIP
5,0.34088337421417236,0.5256606936454773,0.5061725974082947,RIGHT_WRIST
5,0.3480672240257263,0.5419015288352966,0.4991273060441017,RIGHT_THUMB_CMC
5,0.3511064648628235,0.5589255690574646,0.49289387464523315,RIGHT_THUMB_MCP
5,0.35196682810783386,0.5702820420265198,0.48837804049253464,RIGHT_THUMB_IP
5,0.3537796437740326,0.5777257084846497,0.48375152237713337,RIGHT_THUMB_TIP
5,0.33888915181159973,0.5591275095939636,0.48585434444248676,RIGHT_INDEX_FINGER_MCP
5,0.32664382457733154,0.580324649810791,0.4809492900967598,RIGHT_INDEX_FINGER_PIP
5,0.318523645401001,0.5931461453437805,0.47958443500101566,RIGHT_INDEX_FINGER_DIP
5,0.31135818362236023,0.6021673679351807,0.4788716286420822,RIGHT_INDEX_FINGER_TIP
5,0.33079496026039124,0.5505085587501526,0.4877068493515253,RIGHT_MIDDLE_FINGER_MCP
5,0.31898704171180725,0.5769268274307251,0.48289686255156994,RIGHT_MIDDLE_FINGER_PIP
5,0.31083667278289795,0.5923041701316833,0.48238815926015377,RIGHT_MIDDLE_FINGER_DIP
5,0.3045550584793091,0.6028470993041992,0.48191925697028637,RIGHT_MIDDLE_FINGER_TIP
5,0.32434988021850586,0.5453355312347412,0.49027951061725616,RIGHT_RING_FINGER_MCP
5,0.3139280378818512,0.5710620880126953,0.4859079699963331,RIGHT_RING_FINGER_PIP
5,0.3063235878944397,0.58526611328125,0.48460732214152813,RIGHT_RING_FINGER_DIP
5,0.3000558018684387,0.5945883393287659,0.48372652381658554,RIGHT_RING_FINGER_TIP
5,0.31927290558815,0.5426035523414612,0.49271542206406593,RIGHT_PINKY_MCP
5,0.3112366795539856,0.5632331967353821,0.48940214328467846,RIGHT_PINKY_PIP
5,0.3056708872318268,0.5745791792869568,0.4879723619669676,RIGHT_PINKY_DIP
5,0.3007640540599823,0.5825358629226685,0.48689984157681465,RIGHT_PINKY_TIP
6,0.4341179430484772,0.25026315450668335,-0.38957688212394714,NOSE
6,0.451457142829895,0.22416236996650696,-0.3711889386177063,LEFT_EYE_INNER
6,0.4587828814983368,0.2273242473602295,-0.3715709149837494,LEFT_EYE
6,0.464182049036026,0.2294166535139084,-0.37158843874931335,LEFT_EYE_OUTER
6,0.43229684233665466,0.216487318277359,-0.3535057008266449,RIGHT_EYE_INNER
6,0.4262755215167999,0.21527275443077087,-0.35389870405197144,RIGHT_EYE
6,0.42159393429756165,0.21462997794151306,-0.3541727066040039,RIGHT_EYE_OUTER
6,0.4795283079147339,0.24965187907218933,-0.23482632637023926,LEFT_EAR
6,0.42212140560150146,0.22305415570735931,-0.15865132212638855,RIGHT_EAR
6,0.4461946189403534,0.2835437059402466,-0.33464303612709045,MOUTH_LEFT
6,0.4237861931324005,0.274379700422287,-0.3153042197227478,MOUTH_RIGHT
6,0.5290032029151917,0.3821724057197571,-0.21182556450366974,LEFT_SHOULDER
6,0.38187748193740845,0.3885367512702942,0.030928898602724075,RIGHT_SHOULDER
6,0.6098369359970093,0.5987230539321899,-0.3523196280002594,LEFT_ELBOW
6,0.36764800548553467,0.5685587525367737,-0.09622106701135635,RIGHT_ELBOW
6,0.5218744874000549,0.5714152455329895,-0.5903536081314087,LEFT_WRIST
6,0.35693642497062683,0.5922619104385376,-0.5016729235649109,RIGHT_WRIST
6,0.5054227709770203,0.6140725016593933,-0.6605465412139893,LEFT_PINKY
6,0.3448614776134491,0.6156838536262512,-0.584685206413269,RIGHT_PINKY
6,0.48866596817970276,0.5865715742111206,-0.6679462790489197,LEFT_INDEX
6,0.34738069772720337,0.6006665229797363,-0.6031425595283508,RIGHT_INDEX
6,0.4900371730327606,0.5783414840698242,-0.5953595638275146,LEFT_THUMB
6,0.35743409395217896,0.591671347618103,-0.5216953158378601,RIGHT_THUMB
6,0.42852798104286194,0.2725347578525543,-0.009742513298988342,FACE_0
6,0.4295116066932678,0.2786846458911896,-0.00689285434782505,FACE_13
6,0.42949724197387695,0.2783322334289551,-0.006972941569983959,FACE_14
6,0.42887166142463684,0.2861160635948181,-0.00831653457134962,FACE_17
6,0.42536014318466187,0.2705058455467224,-0.007798717822879553,FACE_37
6,0.422683984041214,0.27130186557769775,-0.004456442780792713,FACE_39
6,0.4212782084941864,0.27319663763046265,-0.0011430659797042608,FACE_40
6,0.4157730042934418,0.19822701811790466,0.01536946278065443,FACE_46
6,0.4207399785518646,0.1928161084651947,0.006599376909434795,FACE_52
6,0.4175679683685303,0.19419218599796295,0.011008027009665966,FACE_53
6,0.4315285384654999,0.2002844214439392,-0.0011913410853594542,FACE_55
6,0.4202234745025635,0.2762174606323242,0.005230925511568785,FACE_61
6,0.4169125556945801,0.19015543162822723,0.01337217353284359,FACE_63
6,0.42529386281967163,0.19429120421409607,0.0024803203996270895,FACE_65
6,0.4249347150325775,0.18916067481040955,0.0021667289547622204,FACE_66
6,0.41520392894744873,0.19552293419837952,0.019151315093040466,FACE_70
6,0.42193588614463806,0.2760918438434601,0.003319082548841834,FACE_78
6,0.42407894134521484,0.27643728256225586,-0.0008021865505725145,FACE_80
6,0.425525039434433,0.27687501907348633,-0.002979978686198592,FACE_81
6,0.42727822065353394,0.27771997451782227,-0.005168894771486521,FACE_82
6,0.42585018277168274,0.2846311628818512,-0.006682233419269323,FACE_84
6,0.4269648492336273,0.27739304304122925,-0.005231001414358616,FACE_87
6,0.42364537715911865,0.27639806270599365,-0.0009928499348461628,FACE_88
6,0.42189502716064453,0.2796418368816376,-0.0013771929079666734,FACE_91
6,0.422876238822937,0.27640026807785034,0.0014034898485988379,FACE_95
6,0.4202302396297455,0.18777678906917572,0.007849152199923992,FACE_105
6,0.43091410398483276,0.1919744908809662,-0.001979078399017453,FACE_107
6,0.420965313911438,0.27789586782455444,0.0021225404925644398,FACE_146
6,0.425003319978714,0.27661848068237305,-0.003115655155852437,FACE_178
6,0.4234672486782074,0.2822752296924591,-0.004012244287878275,FACE_181
6,0.42043933272361755,0.27471643686294556,0.002360319485887885,FACE_185
6,0.42301052808761597,0.27610236406326294,0.0016111416043713689,FACE_191
6,0.43277159333229065,0.2730756103992462,-0.010725481435656548,FACE_267
6,0.4377107620239258,0.2767506241798401,-0.010525955818593502,FACE_269
6,0.4412970542907715,0.28026625514030457,-0.009497527033090591,FACE_270
6,0.47097906470298767,0.2141972929239273,-0.006228622980415821,FACE_276
6,0.460658460855484,0.2037155032157898,-0.008345386013388634,FACE_282
6,0.4664200246334076,0.2079600840806961,-0.007780218496918678,FACE_283
6,0.44423940777778625,0.2035626471042633,-0.0060705929063260555,FACE_285
6,0.4458390772342682,0.2848893702030182,-0.006033123936504126,FACE_291
6,0.46936097741127014,0.20477394759655,-0.006686594802886248,FACE_293
6,0.4533432126045227,0.20175576210021973,-0.007778405677527189,FACE_295
6,0.45432302355766296,0.19679319858551025,-0.008430058136582375,FACE_296
6,0.4744516611099243,0.21251262724399567,-0.00405735382810235,FACE_300
6,0.4446078836917877,0.28387004137039185,-0.006264013703912497,FACE_308
6,0.4396590292453766,0.2817244827747345,-0.0073999869637191296,FACE_310
6,0.43639665842056274,0.280691534280777,-0.00784822553396225,FACE_311
6,0.4329043924808502,0.27965372800827026,-0.00785299576818943,FACE_312
6,0.43281567096710205,0.28725722432136536,-0.009506638161838055,FACE_314
6,0.4329172968864441,0.2794876992702484,-0.007993906736373901,FACE_317
6,0.439801961183548,0.2819913923740387,-0.007611474953591824,FACE_318
6,0.4408508837223053,0.2863251864910126,-0.008779959753155708,FACE_321
6,0.4421389102935791,0.28304481506347656,-0.006926985923200846,FACE_324
6,0.46255114674568176,0.1991627812385559,-0.007988205179572105,FACE_334
6,0.4457242488861084,0.19554384052753448,-0.007323499768972397,FACE_336
6,0.44380486011505127,0.2857188284397125,-0.007302002981305122,FACE_375
6,0.4364672601222992,0.280619353055954,-0.008018994703888893,FACE_402
6,0.43694064021110535,0.2871645390987396,-0.009581124410033226,FACE_405
6,0.4443223476409912,0.2828582227230072,-0.007984090596437454,FACE_409
6,0.44244977831840515,0.2827063202857971,-0.006743746344000101,FACE_415
6,0.49680131673812866,0.555156409740448,0.5903536081314087,LEFT_WRIST
6,0.4790875017642975,0.5766265392303467,0.5900321892695501,LEFT_THUMB_CMC
6,0.45933565497398376,0.5954789519309998,0.5854283818043768,LEFT_THUMB_MCP
6,0.44486063718795776,0.6003181338310242,0.5804428607225418,LEFT_THUMB_IP
6,0.4336245357990265,0.5973120331764221,0.5760102504864335,LEFT_THUMB_TIP
6,0.46874046325683594,0.5812262296676636,0.5804645158350468,LEFT_INDEX_FINGER_MCP
6,0.4720786511898041,0.6201609969139099,0.5738402809947729,LEFT_INDEX_FINGER_PIP
6,0.47255319356918335,0.6142856478691101,0.5718373004347086,LEFT_INDEX_FINGER_DIP
6,0.46919581294059753,0.6042444109916687,0.5707458220422268,LEFT_INDEX_FINGER_TIP
6,0.4792913794517517,0.573760449886322,0.5763857644051313,LEFT_MIDDLE_FINGER_MCP
6,0.48122286796569824,0.6144745349884033,0.569735100492835,LEFT_MIDDLE_FINGER_PIP
6,0.4811365604400635,0.6084033250808716,0.5705807078629732,LEFT_MIDDLE_FINGER_DIP
6,0.4780016243457794,0.599231481552124,0.5710563790053129,LEFT_MIDDLE_FINGER_TIP
6,0.49001818895339966,0.5701362490653992,0.5726650357246399,LEFT_RING_FINGER_MCP
6,0.49068158864974976,0.6072601079940796,0.567392123863101,LEFT_RING_FINGER_PIP
6,0.4909680485725403,0.6005387306213379,0.5721452012658119,LEFT_RING_FINGER_DIP
6,0.4883515238761902,0.5907186269760132,0.5752627216279507,LEFT_RING_FINGER_TIP
6,0.49955183267593384,0.5708371996879578,0.5689408965408802,LEFT_PINKY_MCP
6,0.4993398189544678,0.5976621508598328,0.5651952028274536,LEFT_PINKY_PIP
6,0.49821680784225464,0.5899396538734436,0.568473918363452,LEFT_PINKY_DIP
6,0.49590563774108887,0.578956127166748,0.5712870378047228,LEFT_PINKY_TIP
6,0.3398115932941437,0.5266859531402588,0.5016729235649109,RIGHT_WRIST
6,0.350640207529068,0.5389070510864258,0.49379667546600103,RIGHT_THUMB_CMC
6,0.35423019528388977,0.5540693998336792,0.4873094083741307,RIGHT_THUMB_MCP
6,0.35394296050071716,0.5664305090904236,0.4824646059423685,RIGHT_THUMB_IP
6,0.3559304177761078,0.5758441090583801,0.4772658534348011,RIGHT_THUMB_TIP
6,0.339399516582489,0.5610450506210327,0.4814527593553066,RIGHT_INDEX_FINGER_MCP
6,0.32860466837882996,0.5793407559394836,0.47510165348649025,RIGHT_INDEX_FINGER_PIP
6,0.321159303188324,0.5904489755630493,0.4717849213629961,RIGHT_INDEX_FINGER_DIP
6,0.3149634003639221,0.5988817811012268,0.4696800857782364,RIGHT_INDEX_FINGER_TIP
6,0.33094099164009094,0.5558276772499084,0.4830402694642544,RIGHT_MIDDLE_FINGER_MCP
6,0.32003891468048096,0.5760864615440369,0.4763204287737608,RIGHT_MIDDLE_FINGER_PIP
6,0.31093454360961914,0.5896396636962891,0.4732854440808296,RIGHT_MIDDLE_FINGER_DIP
6,0.30351191759109497,0.5992536544799805,0.47108407877385616,RIGHT_MIDDLE_FINGER_TIP
6,0.3246839940547943,0.5507202744483948,0.485129589214921,RIGHT_RING_FINGER_MCP
6,0.31500163674354553,0.5713806748390198,0.4791264645755291,RIGHT_RING_FINGER_PIP
6,0.30671465396881104,0.5842728018760681,0.47597318328917027,RIGHT_RING_FINGER_DIP
6,0.3001743257045746,0.5936005711555481,0.4738022107630968,RIGHT_RING_FINGER_TIP
6,0.32032403349876404,0.5463154911994934,0.4870374947786331,RIGHT_PINKY_MCP
6,0.31219032406806946,0.5621395707130432,0.4819271992892027,RIGHT_PINKY_PIP
6,0.30588603019714355,0.5727102160453796,0.47920375876128674,RIGHT_PINKY_DIP
6,0.3006782531738281,0.5811914801597595,0.4773037936538458,RIGHT_PINKY_TIP
